applicant_id,name
3074,ABEL MESQUITA JR.
1772,ABELARDO CAMARINHA
879,ABELARDO LUPION
2419,ACELINO POPÓ
2034,ACÁCIO JÚNIOR
1975,ACÉLIO CASAGRANDE
3016,ADAIL CARNEIRO
2921,ADALBERTO CAVALCANTI
2906,ADELMO CARNEIRO LEÃO
2923,ADELSON BARRETO
1744,ADEMIR CAMILO
3026,ADILTON SACHETTI
2350,ADRIAN
846,ADÃO PRETTO
1773,AELTON FREITAS
945,AFFONSO CAMARGO
2406,AFONSO FLORENCE
1758,AFONSO HAMM
2880,AFONSO MOTTA
1288,AGNALDO MUNIZ
2408,AGUINALDO RIBEIRO
1434,AIRTON ROVEDA
2852,AKIRA OTSUBO
2910,ALAN RICK
1774,ALBANO FRANCO
2283,ALBERTO FILHO
1472,ALBERTO FRAGA
1390,ALBERTO MOURÃO
948,ALBERTO SILVA
58,ALBÉRICO FILHO
393,ALCENI GUERRA
2379,ALCEU MOREIRA
764,ALDO REBELO
2240,ALESSANDRO MOLON
1435,ALEX CANZIANI
3011,ALEX MANENTE
2926,ALEXANDRE BALDY
949,ALEXANDRE CARDOSO
2373,ALEXANDRE LEITE
2286,ALEXANDRE ROSO
950,ALEXANDRE SANTOS
3070,ALEXANDRE SERFIOTIS
1775,ALEXANDRE SILVEIRA
2483,ALEXANDRE TOLEDO
2952,ALEXANDRE VALLE
1776,ALFREDO KAEFER
3080,ALFREDO NASCIMENTO
2309,ALFREDO SIRKIS
1531,ALICE PORTUGAL
2915,ALIEL MACHADO
1777,ALINE CORRÊA
2370,ALMEIDA LIMA
3005,ALTINEU CÔRTES
2999,ALUISIO MENDES
2323,AMAURI TEIXEIRA
2861,AMIR LANDO
1960,ANA ARRAES
3085,ANA PERUGINI
2371,ANDERSON FERREIRA
2022,ANDRE MONTORO
2273,ANDRE MOURA
1778,ANDRE VARGAS
1779,ANDREIA ZITO
2966,ANDRES SANCHEZ
3034,ANDRÉ ABDON
3156,ANDRÉ AMARAL
1322,ANDRÉ DE PAULA
2417,ANDRÉ DIAS
1748,ANDRÉ FIGUEIREDO
3079,ANDRÉ FUFUCA
1536,ANDRÉ ZACHAROW
3136,ANGELA ALBINO
835,ANGELA AMIN
1780,ANGELA PORTELA
2989,ANGELIM
1781,ANGELO VANHONI
1537,ANN PONTES
1538,ANSELMO DE JESUS
2306,ANTHONY GAROTINHO
960,ANTONIO BALHMANN
2407,ANTONIO BRITO
1782,ANTONIO BULHÕES
2025,ANTONIO CARLOS
1462,ANTONIO CARLOS BISCAIA
1997,ANTONIO CARLOS CHAMARIZ
1540,ANTONIO CARLOS MAGALHÃES NETO
288,ANTONIO CARLOS MENDES THAME
961,ANTONIO CARLOS PANNUNZIO
1516,ANTONIO CRUZ
964,ANTONIO FEIJÃO
2295,ANTONIO IMBASSAHY
1783,ANTONIO JOSÉ MEDEIROS
1393,ANTONIO PALOCCI
2258,ANTÔNIA LÚCIA
1961,ANTÔNIO ANDRADE
3010,ANTÔNIO JÁCOME
1784,ANTÔNIO ROBERTO
958,ANÍBAL GOMES
689,ARACELY DE PAULA
617,ARIOSTO HOLANDA
974,ARLINDO CHINAGLIA
975,ARMANDO ABÍLIO
1323,ARMANDO MONTEIRO
2321,ARMANDO VERGÍLIO
292,ARNALDO FARIA DE SÁ
1786,ARNALDO JARDIM
2341,ARNALDO JORDY
1202,ARNALDO MADEIRA
1785,ARNALDO VIANNA
1074,ARNON BEZERRA
187,AROLDE DE OLIVEIRA
2377,ARTHUR LIRA
2225,ARTHUR OLIVEIRA MAIA
2955,ARTHUR VIRGÍLIO BISNETO
2226,ARTUR BRUNO
47,ASDRUBAL BENTES
2338,ASSIS CARVALHO
1542,ASSIS DO COUTO
2279,ASSIS MELO
2374,AUDIFAX
359,AUGUSTO CARVALHO
2236,AUGUSTO COUTINHO 
658,AUGUSTO FARIAS
2384,AUREO
2985,BACELAR
3021,BALEIA ROSSI
1787,BARBOSA NETO
2890,BEBETO
1788,BEL MESQUITA
2012,BENE CAMACHO
188,BENEDITA DA SILVA
979,BENEDITO DE LIRA
19,BENITO GAMA
1545,BENJAMIN MARANHÃO
2322,BERINHO BANTIM
1546,BERNARDO ARISTON
2312,BERNARDO SANTANA DE VASCONCELLOS
2991,BETINHO GOMES
983,BETINHO ROSADO
1450,BETO ALBUQUERQUE
1768,BETO FARO
775,BETO MANSUR
3047,BETO ROSADO
3029,BETO SALAME
1539,BIFFI
1789,BILAC PINTO
1972,BISPO GÊ TENUTA
2405,BOHN GASS
191,BONIFÁCIO DE ANDRADA
1549,BOSCO COSTA
1790,BRIZOLA NETO
2266,BRUNA FURLAN
3051,BRUNNY
1791,BRUNO ARAÚJO
3068,BRUNO COVAS
1792,BRUNO RODRIGUES
3075,CABO DACIOLO
2474,CABO JULIANO RABELO
3082,CABO SABINO
3002,CABUÇU BORGES
2897,CACÁ LEÃO
2968,CAETANO
2990,CAIO NARCIO
3146,CAJAR NARDES
1794,CAMILO COLA
1998,CAPITÃO ASSUMÇÃO
2950,CAPITÃO AUGUSTO
2896,CAPITÃO FÁBIO ABREU
2297,CARLAILE PEDROSA
2247,CARLINHOS ALMEIDA
1550,CARLOS ABICALIL
2019,CARLOS ALBERTO
1795,CARLOS ALBERTO CANUTO
1551,CARLOS ALBERTO LERÉIA
2960,CARLOS ANDRADE
1962,CARLOS BEZERRA
1796,CARLOS BRANDÃO
1325,CARLOS EDUARDO CADOCA
2900,CARLOS GOMES
3023,CARLOS HENRIQUE GAGUIM
2352,CARLOS MAGNO
1593,CARLOS MANATO
2879,CARLOS MARTINS
3014,CARLOS MARUN
985,CARLOS MELLES
2435,CARLOS ROBERTO
1552,CARLOS SAMPAIO
728,CARLOS SANTANA
1553,CARLOS SOUZA
1554,CARLOS WILLIAN
1963,CARLOS ZARATTINI
2433,CARMEN ZANOTTO
1797,CASSIO TANIGUCHI
1417,CELCITA PINHEIRO
2319,CELIA ROCHA
1467,CELSO JACOB
1798,CELSO MALDANER
2963,CELSO PANSERA
993,CELSO RUSSOMANNO
2337,CESAR COLNAGO
836,CESAR SOUZA
1556,CEZAR SILVESTRI
1769,CHARLES LUCENA
1978,CHICO ABREU
1557,CHICO ALENCAR
1799,CHICO D'ANGELO
1208,CHICO DA PRINCESA
2014,CHICO DALTRO
2259,CHICO DAS VERDURAS
1800,CHICO LOPES
2028,CHICO NETO
2983,CHRISTIANE DE SOUZA YARED
2237,CIDA BORGHETTI
1801,CIDA DIOGO
1802,CIRO GOMES
1201,CIRO NOGUEIRA
1803,CIRO PEDROSA
3036,CLARISSA GAROTINHO
995,CLAUDIO CAJADO
1765,CLAUDIO DIAZ
1804,CLEBER VERDE
2313,CLÁUDIO PUTY
1559,CLÓVIS FECURY
1241,COLBERT MARTINS
3027,CONCEIÇÃO SAMPAIO
59,COSTA FERREIRA
2979,COVATTI FILHO
3144,CREUZA PEREIRA
2892,CRISTIANE BRASIL
2394,CRISTIANO
1944,CÂNDIDO VACCAREZZA
3008,CÉLIO SILVEIRA
2336,CÉSAR HALUM
3053,CÉSAR MESSIAS
2918,CÍCERO ALMEIDA
1807,DAGOBERTO
1808,DALVA FIGUEIREDO
1318,DAMIÃO FELICIANO
1562,DANIEL ALMEIDA
3071,DANIEL COELHO
2026,DANIEL FONTANA
3049,DANIEL VILELA
2402,DANILO CABRAL
2227,DANILO FORTE
2242,DANRLEI DE DEUS HINTERHOLZ
999,DARCÍSIO PERONDI
1594,DAVI ALCOLUMBRE
1809,DAVI ALVES SILVA JÚNIOR
3089,DAVIDSON MAGALHÃES
2920,DELEGADO EDSON MOREIRA
2362,DELEGADO PROTÓGENES
2431,DELEGADO WALDIR
2972,DELEGADO ÉDER MAURO
1569,DELEY
2875,DENILSON TEIXEIRA
3104,DEOCLIDES MACEDO
1570,DEVANIR RIBEIRO
2289,DIEGO ANDRADE
3043,DIEGO GARCIA
1001,DILCEU SPERAFICO
2356,DIMAS FABIANO
1573,DIMAS RAMALHO
1003,DOMINGOS DUTRA
2329,DOMINGOS NETO
2235,DOMINGOS SÁVIO
1812,DR. ADILSON SOARES
2410,DR. ALUIZIO
2420,DR. CARLOS ALBERTO
2487,DR. DILSON DRUMOND
2234,DR. GRILO
2326,DR. JORGE SILVA
2947,DR. JOÃO
2490,DR. LUIZ FERNANDO
1813,DR. NECHAR
1982,DR. PAULO CÉSAR
1436,DR. ROSINHA
2887,DR. SINVAL MALHEIROS
1815,DR. UBIALI
1814,DR.TALMIR
2440,DRA. ELAINE ABISSAMRA
1816,DUARTE NOGUEIRA
2415,DUDIMAR PAXIUBA
2870,DUDU LUIZ EDUARDO
2905,DULCE MIRANDA
3057,DÂMINA PEREIRA
1810,DÉCIO LIMA
1817,EDGAR MOURY
1976,EDIGAR MÃO BRANCA
1006,EDINHO ARAÚJO
1005,EDINHO BEZ
1739,EDINHO MONTEMOR
1818,EDIO LOPES
2304,EDIVALDO HOLANDA JUNIOR
2270,EDMAR ARRUDA
692,EDMAR MOREIRA
3018,EDMILSON RODRIGUES
197,EDMILSON VALENTIM
1819,EDSON APARECIDO
1614,EDSON DUARTE
1007,EDSON EZEQUIEL
2351,EDSON PIMENTA
1820,EDSON SANTOS
615,EDSON SILVA
1821,EDUARDO AMORIM
2316,EDUARDO AZEREDO
1010,EDUARDO BARBOSA
2907,EDUARDO BOLSONARO
1620,EDUARDO CUNHA
2982,EDUARDO CURY
1822,EDUARDO DA FONTE
1623,EDUARDO GOMES
1971,EDUARDO LOPES
1626,EDUARDO SCIARRA
1629,EDUARDO VALVERDE
1823,EFRAIM FILHO
1011,ELCIONE BARBALHO
2008,ELEUSES PAIVA
2250,ELI CORRÊA FILHO
2423,ELIANE ROLIM
1824,ELIENE LIMA
1014,ELISEU PADILHA
1825,ELISMAR PRADO
1995,ELIZEU AGUIAR
3093,ELIZEU DIONIZIO
2959,ELIZIANE GAMA
3040,ELMAR NASCIMENTO
1232,EMANUEL FERNANDES
2003,EMILIA FERNANDES
2009,EMILIANO JOSÉ
1018,ENIO BACCI
2893,ENIO VERRI
2403,ERIKA KOKAY
2387,ERIVELTON SANTANA
1826,ERNANDES AMORIM
2385,EROS BIONDINI
2413,ESPERIDIÃO AMIN
1827,EUDES XAVIER
1828,EUGÊNIO RABELO
1307,EUNICIO OLIVEIRA
2818,EURICO JÚNIOR
1023,EURIPEDES MIRANDA
2984,EVAIR VIEIRA DE MELO
3033,EVANDRO GUSSI
1276,EVANDRO MILHOMEN
2977,EVANDRO ROMAN
2993,EXPEDITO NETTO
3069,EZEQUIEL FONSECA
3022,EZEQUIEL TEIXEIRA
2901,FABIANO HORTA
2961,FABIO GARCIA
2820,FABIO REIS
3124,FABRICIO OLIVEIRA
2917,FAUSTO PINATO
1831,FELIPE BORNIER
1832,FELIPE MAIA
2006,FERNANDO CHIARELLI
1770,FERNANDO CHUCRE
1833,FERNANDO COELHO FILHO
1445,FERNANDO CORUJA
1641,FERNANDO DE FABINHO
694,FERNANDO DINIZ
1029,FERNANDO FERRO
2239,FERNANDO FRANCISCHINI
1032,FERNANDO GABEIRA
1028,FERNANDO GONÇALVES
2429,FERNANDO JORDÃO
730,FERNANDO LOPES
1453,FERNANDO MARRONI
1834,FERNANDO MELO
3090,FERNANDO MONTEIRO
1996,FERNANDO NASCIMENTO
2328,FERNANDO TORRES
2882,FERNANDO ZACHIA
1835,FILIPE PEREIRA
1836,FLAVIANO MELO
2971,FLAVINHO
2021,FLAVIO ANTUNES
3134,FLAVIO NOGUEIRA
3042,FLORIANO PESARO
2229,FLÁVIA MORAIS
1837,FLÁVIO BEZERRA
1838,FLÁVIO DINO
2436,FRANCISCO ARAÚJO
2833,FRANCISCO CHAGAS
2916,FRANCISCO CHAPADINHA
2874,FRANCISCO DE ASSIS
1762,FRANCISCO ESCÓRCIO
2267,FRANCISCO FLORIANO
1913,FRANCISCO PRACIANO
558,FRANCISCO RODRIGUES
1965,FRANCISCO ROSSI
1839,FRANCISCO TENÓRIO
3118,FRANKLIN LIMA
496,FREIRE JUNIOR
1829,FÁBIO FARIA
3001,FÁBIO MITIDIERI
1830,FÁBIO RAMALHO
2939,FÁBIO SOUSA
1637,FÁBIO SOUTO
2272,FÁBIO TRAD
1640,FÁTIMA BEZERRA
565,FÁTIMA PELAES
671,FÉLIX MENDONÇA
2307,FÉLIX MENDONÇA JÚNIOR
2358,GABRIEL CHALITA
2232,GABRIEL GUIMARÃES
1036,GASTÃO VIEIRA
2434,GEAN LOUREIRO
673,GEDDEL VIEIRA LIMA
2311,GENECIAS NORONHA
1841,GEORGE HILTON
2987,GEOVANIA DE SÁ
2480,GERA ARRUDA
2011,GERALDINHO
1842,GERALDO PUDIM
1649,GERALDO RESENDE
1340,GERALDO SIMÕES
1650,GERALDO THADEU
1843,GERMANO BONOW
67,GERSON PERES
1446,GERVÁSIO SILVA
1651,GIACOBO
2878,GILBERTO COUTINHO
1652,GILBERTO NASCIMENTO
1352,GILMAR MACHADO
2281,GIOVANI CHERINI
2970,GIOVANI FELTES
572,GIOVANNI QUEIROZ
2368,GIROTO
2030,GISELA SEQUEIRA
2997,GIUSEPPE VECCI
1332,GIVALDO CARIMBÃO
3058,GIVALDO VIEIRA
1845,GLADSON CAMELI
2001,GLAUBER BRAGA
2856,GOIACIARA CRUZ
137,GONZAGA PATRIOTA
1737,GORETE PEREIRA
2928,GOULART
1846,GUILHERME CAMPOS
3148,GUILHERME COELHO
2252,GUILHERME MUSSI
1437,GUSTAVO FRUET
2867,GUSTAVO PETTA
3056,HEITOR SCHUCH
2866,HELCIO SILVA
2894,HELDER SALOMÃO
1654,HELENO SILVA
1656,HENRIQUE AFONSO
84,HENRIQUE EDUARDO ALVES
1454,HENRIQUE FONTANA
2263,HENRIQUE OLIVEIRA
2976,HERCULANO PASSOS
1042,HERMES PARCIANELLO
1040,HERÁCLITO FORTES
2255,HEULER CRUVINEL
3035,HILDO ROCHA
3032,HIRAN GONÇALVES
3064,HISSA ABRAHÃO
1847,HOMERO PEREIRA
1848,HUGO LEAL
2271,HUGO MOTTA
2414,HUGO NAPOLEÃO
202,HUMBERTO SOUTO
2898,HÉLIO LEITE
2397,HÉLIO SANTOS
1400,IARA BERNARDI
427,IBSEN PINHEIRO
1849,ILDERLEI CORDEIRO
3152,ILDON MARQUES
2849,ILÁRIO MARQUES
1850,INDIO DA COSTA
107,INOCÊNCIO OLIVEIRA
2320,IRACEMA PORTELLA
2396,IRAJÁ ABREU
1914,IRAN BARBOSA
1661,IRINY LOPES
1438,IRIS SIMÕES
2909,IRMÃO LAZARO
2489,ISAIAS SILVESTRE
2027,ITAMAR ROCHA
1049,IVAN VALENTE
1974,IZALCI LUCAS
1665,JACKSON BARRETO
1666,JADER BARBALHO
1050,JAIME MARTINS
731,JAIR BOLSONARO
1969,JAIRO ATAÍDE
153,JAIRO CARNEIRO
733,JANDIRA FEGHALI
1668,JANETE CAPIBERIBE
1852,JANETE ROCHA PIETÁ
2382,JAQUELINE RORIZ
2908,JARBAS VASCONCELOS
2278,JEAN WYLLYS
1669,JEFFERSON CAMPOS
664,JERONIMO REIS
2340,JERÔNIMO GOERGEN
2380,JESUS RODRIGUES
2994,JHC
2333,JHONATAN DE JESUS
1853,JILMAR TATTO
1859,JOAQUIM BELTRÃO
2973,JOAQUIM PASSARINHO
362,JOFRAN FREJAT
2251,JONAS DONIZETTE
3147,JONES MARTINS
2932,JONY MARCOS
1337,JORGE ALBERTO
1381,JORGE BITTAR
1563,JORGE BOEIRA
2256,JORGE CÔRTE REAL
677,JORGE KHOURY
1470,JORGE PINHEIRO
2938,JORGE SOLLA
763,JORGE TADEU MUDALEN
1967,JORGINHO MALULY
2391,JORGINHO MELLO
1566,JOSE EDUARDO CARDOZO
2345,JOSE STÉDILE
1970,JOSEPH BANDEIRA
2981,JOSI NUNES
1571,JOSIAS GOMES
1281,JOSUÉ BENGTSON
1860,JOSÉ AIRTON CIRILO
898,JOSÉ ANÍBAL
2314,JOSÉ AUGUSTO MAIA
2007,JOSÉ C. STANGARLINI
678,JOSÉ CARLOS ALELUIA
1564,JOSÉ CARLOS ARAÚJO
1592,JOSÉ CARLOS MACHADO
1079,JOSÉ CARLOS VIEIRA
1091,JOSÉ CHAVES
2364,JOSÉ DE FILIPPI
1993,JOSÉ EDMAR
1959,JOSÉ FERNANDO APARECIDO DE OLI
3094,JOSÉ FOGAÇA 
348,JOSÉ GENOÍNO
1861,JOSÉ GUIMARÃES
2029,JOSÉ HUMBERTO
620,JOSÉ LINHARES
12,JOSÉ MENDONÇA BEZERRA
1567,JOSÉ MENTOR
2348,JOSÉ NUNES
1568,JOSÉ OTÁVIO GERMANO
1862,JOSÉ PAULO TÓFFANO
1076,JOSÉ PIMENTEL
1077,JOSÉ PRIANTE
609,JOSÉ REINALDO
1071,JOSÉ ROCHA
256,JOSÉ SANTANA VASCONCELLOS
1096,JOVAIR ARANTES
2903,JOZI ARAÚJO
676,JOÃO ALMEIDA
2381,JOÃO ANANIAS
2363,JOÃO ARRUDA
2017,JOÃO BATISTA
1855,JOÃO BITTAR
2485,JOÃO CALDAS
1671,JOÃO CAMPOS
1856,JOÃO CARLOS BACELAR
1299,JOÃO CASTELO
1503,JOÃO DADO
3073,JOÃO DANIEL
2937,JOÃO DERLY
3006,JOÃO FERNANDO COUTINHO
3050,JOÃO GUALBERTO
346,JOÃO HERRMANN NETO
1063,JOÃO LEÃO
1674,JOÃO LYRA
1233,JOÃO MAGALHÃES
1857,JOÃO MAIA
2912,JOÃO MARCELO SOUZA
1059,JOÃO MATOS
1858,JOÃO OLIVEIRA
1065,JOÃO PAULO CUNHA
3037,JOÃO PAULO KLEINÜBING
2392,JOÃO PAULO LIMA
3009,JOÃO PAULO PAPA
1056,JOÃO PIZZOLATTI
2315,JOÃO RODRIGUES
1576,JULIO LOPES
1401,JULIO SEMEGHINI
1863,JULIÃO AMIN
2949,JUNIOR MARRECA
2015,JUNIOR MARZOLA
2332,JUNJI ABE
1277,JURANDIL JUAREZ
1864,JURANDY LOUREIRO
3020,JUSCELINO FILHO
198,JUTAHY JUNIOR
2411,JÂNIO NATAL
2933,JÉSSICA SALES
1854,JÔ MORAES
3054,JÚLIA MARINHO
369,JÚLIO CAMPOS
1097,JÚLIO CESAR
1480,JÚLIO DELGADO
2318,JÚNIOR COIMBRA
3076,KAIO MANIÇOBA
2261,KEIKO OTA
257,LAEL VARELLA
1991,LAERCIO OLIVEIRA
1867,LAERTE BESSA
2967,LAUDIVIO CARVALHO
1118,LAURA CARNEIRO
1868,LAUREZ MOREIRA
2355,LAURIETE
3044,LEANDRE
1870,LEANDRO SAMPAIO
1579,LEANDRO VILELA
1871,LELO COIMBRA
2974,LEO DE BRITO
504,LEOMAR QUINTANILHA
2476,LEONARDO GADELHA
1582,LEONARDO MONTEIRO
1583,LEONARDO PICCIANI
1873,LEONARDO QUINTÃO
1584,LEONARDO VILELA
2299,LEOPOLDO MEYER
1083,LEÔNIDAS CRISTINO
2812,LID.GOV-CD
2442,LIDERANÇA DO PSDB
2439,LIDERANÇA DO PT
2292,LILIAM SÁ
1355,LINCOLN PORTELA
1874,LINDOMAR GARÇON
1875,LIRA MAIA
1586,LOBBE NETO
2260,LOURIVAL MENDES
3063,LUCAS VERGILIO
1876,LUCENIRA PIMENTEL
841,LUCI CHOINACKI
1980,LUCIANA COSTA
1587,LUCIANA GENRO
2376,LUCIANA SANTOS
894,LUCIANO CASTRO
2936,LUCIANO DUCCI
2378,LUCIANO MOREIRA
823,LUCIANO PIZZATTO
3065,LUCIO MOSQUINI
2367,LUCIO VIEIRA LIMA
1455,LUIS CARLOS HEINZE
2412,LUIS TIBÉ
1242,LUIZ ALBERTO
2357,LUIZ ARGÔLO
1544,LUIZ BASSUMA
1427,LUIZ BITTENCOURT
2302,LUIZ CARLOS
1793,LUIZ CARLOS BUSATO
824,LUIZ CARLOS HAULY
2978,LUIZ CARLOS RAMOS 
1878,LUIZ CARLOS SETIM
1589,LUIZ CARREIRA
2951,LUIZ CLÁUDIO
1590,LUIZ COUTO
2814,LUIZ DE DEUS
1879,LUIZ FERNANDO FARIA
2342,LUIZ FERNANDO MACHADO
3052,LUIZ LAURO FILHO
2424,LUIZ NISHIMORI
2421,LUIZ NOÉ
2418,LUIZ OTAVIO
1880,LUIZ PAULO VELLOZO LUCAS
2269,LUIZ PITIMAN
1383,LUIZ SÉRGIO
1402,LUIZA ERUNDINA
2946,LUIZIANNE LINS
1591,LUPÉRCIO RAMOS
1869,LÁZARO BOTELHO
1308,LÉO ALCÂNTARA
2885,LÉO OLIVEIRA
1872,LÉO VIVAS
161,LÍDICE DA MATA
1877,LÚCIO VALE
3019,MACEDO
2437,MAGDA MOFATTO
1420,MAGELA
1994,MAIA FILHO
1986,MAJOR FÁBIO
2935,MAJOR OLIMPIO
2389,MANDETTA
2881,MANOEL ANTUNES
1881,MANOEL JUNIOR
1309,MANOEL SALVIANO
2819,MANUEL ROSA NECA
1882,MANUELA D'ÁVILA
2399,MARA GABRILLI
2886,MARCELINHO CARIOCA
2346,MARCELO AGUIAR
1979,MARCELO ALMEIDA
3015,MARCELO ARO
3004,MARCELO BELINATI
1311,MARCELO CASTRO
1601,MARCELO GUIMARÃES FILHO
1883,MARCELO ITAGIBA
2274,MARCELO MATOS
1884,MARCELO MELO
1602,MARCELO ORTIZ
1885,MARCELO SERAFIM
3013,MARCELO SQUASSONI
969,MARCELO TEIXEIRA
2934,MARCELO ÁLVARO ANTÔNIO
3061,MARCIO ALVINO
1293,MARCIO BITTAR
1887,MARCIO JUNQUEIRA
1112,MARCIO REINALDO MOREIRA
1742,MARCO MAIA
2245,MARCO TEBALDI
2241,MARCON
1321,MARCONDES GADELHA
2956,MARCOS ABRÃO
1888,MARCOS ANTONIO
260,MARCOS LIMA
683,MARCOS MEDRADO
1889,MARCOS MONTES
2980,MARCOS REATEGUI
2473,MARCOS ROGÉRIO
2948,MARCOS ROTTA
2911,MARCOS SOARES
2390,MARCUS PESTANA
1254,MARCUS VICENTE
2815,MARGARIDA SALOMÃO
1605,MARIA DO ROSÁRIO
1607,MARIA HELENA
2869,MARIA LUCIA PRANDI 
1357,MARIA LÚCIA CARDOSO
3024,MARIANA CARVALHO
1890,MARINA MAGGESSI
2432,MARINA SANTANNA
2964,MARINALDO ROSENDO
1119,MARINHA RAUPP
2325,MARLLOS SAMPAIO
3092,MARQUINHO MENDES
3084,MARX BELTRÃO
1237,MARÇAL FILHO
2891,MASSAMI MIKI
1488,MAURO BENEVIDES
1125,MAURO LOPES
1892,MAURO MARIANI
1893,MAURO NAZIF
3095,MAURO PEREIRA
2888,MAURÍCIO ALMEIDA 
2425,MAURÍCIO DZIEDRICKI
1610,MAURÍCIO QUINTELLA LESSA
1612,MAURÍCIO RANDS
1891,MAURÍCIO TRINDADE
2877,MAX FILHO
1066,MENDES RIBEIRO FILHO
1087,MENDONÇA FILHO
1615,MENDONÇA PRADO
3121,MERLONG SOLANO
454,MICHEL TEMER
1894,MIGUEL CORRÊA
2919,MIGUEL HADDAD
2995,MIGUEL LOMBARDI
1895,MIGUEL MARTINI
167,MILTON BARBOSA
1405,MILTON MONTI
2004,MILTON VIEIRA
2360,MIRIQUINHO BATISTA
3045,MISAEL VARELLA
2388,MISSIONÁRIO JOSÉ OLIMPIO
900,MOACIR MICHELETTO
3039,MOEMA GRAMACHO
508,MOISES AVELINO
3157,MOISÉS DINIZ
1896,MOREIRA MENDES
627,MORONI TORGAN
3041,MOSES RODRIGUES
1886,MÁRCIO FRANÇA
2310,MÁRCIO MACÊDO
1987,MÁRCIO MARINHO
303,MÁRIO DE OLIVEIRA
2478,MÁRIO FEITOZA
1609,MÁRIO HERINGER
1126,MÁRIO NEGROMONTE
2996,MÁRIO NEGROMONTE JR.
1224,NARCIO RODRIGUES
1740,NATAN DONADON
1729,NAZARENO FONTELES
1897,NEILTON MULIM
739,NELSON BORNIER
1898,NELSON GOETTEN
2409,NELSON MARCHEZAN JUNIOR
773,NELSON MARQUEZELLI
1133,NELSON MEURER
2327,NELSON PADOVANI
1344,NELSON PELLEGRINO
856,NELSON PROENÇA
808,NELSON TRAD
1977,NERI GELLER
1899,NEUDO CAMPOS
1135,NEWTON CARDOSO
2925,NEWTON CARDOSO JR
2268,NEWTON LIMA
1301,NICE LOBÃO
2308,NILDA GONDIM
1494,NILMAR RUIZ
2816,NILMÁRIO MIRANDA
2438,NILSON LEITÃO
1295,NILSON MOURAO
1282,NILSON PINTO
3072,NILTO TATTO
1289,NILTON CAPIXABA
3145,NIVALDO ALBUQUERQUE
1625,ODAIR CUNHA
705,ODELMO LEÃO
2899,ODORICO MONTEIRO
1138,ODÍLIO BALBINOTTI
660,OLAVO CALHEIROS
2821,OLIVEIRA FILHO
2334,ONOFRE SANTO AGOSTINI
1627,ONYX LORENZONI
2957,ORLANDO SILVA
3091,OSMAR BERTOLDI
1900,OSMAR JÚNIOR
1439,OSMAR SERRAGLIO
1514,OSMAR TERRA
791,OSORIO ADRIANO
1142,OSVALDO BIOLCHI
114,OSVALDO COELHO
603,OSVALDO REIS
1901,OTAVIO LEITE
2330,OTONIEL LIMA
2262,OZIEL OLIVEIRA
2305,PADRE JOÃO
2372,PADRE TON
2005,PAES DE LIRA
80,PAES LANDIM
2264,PASTOR EURICO
1633,PASTOR FRANKEMBERGEN
3143,PASTOR LUCIANO BRAGA
1902,PASTOR MANOEL FERREIRA
1635,PASTOR PEDRO RIBEIRO
1638,PATRUS ANANIAS
586,PAUDERNEY AVELINO
1904,PAULO ABI-ACKEL
2929,PAULO AZI
844,PAULO BAUER
1146,PAULO BORNHAUSEN
2359,PAULO CESAR QUARTIERO
273,PAULO DELGADO
1216,PAULO FEIJÓ
2479,PAULO FERREIRA
2317,PAULO FOLETTO
2301,PAULO FREIRE
1905,PAULO HENRIQUE LUSTOSA
884,PAULO LIMA
1347,PAULO MAGALHÃES
1906,PAULO MALUF
2482,PAULO MARINHO JUNIOR
3142,PAULO MARTINS
1903,PAULO PEREIRA DA SILVA
1907,PAULO PIAU
1642,PAULO PIMENTA
1725,PAULO RATTES
1908,PAULO RENATO SOUZA
1909,PAULO ROBERTO PEREIRA
580,PAULO ROCHA
1643,PAULO RUBEM SANTIAGO
2228,PAULO TADEU
1910,PAULO TEIXEIRA
2257,PAULO WAGNER
2813,PAULÃO
2715,PDT
1429,PEDRO CHAVES
2986,PEDRO CUNHA LIMA
1331,PEDRO EUGÊNIO
1302,PEDRO FERNANDES
2860,PEDRO GUERRA
1227,PEDRO HENRY
611,PEDRO NOVAIS
2386,PEDRO PAULO
2243,PEDRO UCZAI
667,PEDRO VALADARES
2943,PEDRO VILELA
1149,PEDRO WILSON
2375,PENNA
1911,PEPE VARGAS
1645,PERPÉTUA ALMEIDA
3122,PHS
2883,PINTO DE LUNA
1912,PINTO ITAMARATY
2845,PLÍNIO VALÉRIO
2422,POLICARPO
1458,POMPEO DE MATTOS
2248,PR. MARCO FELICIANO
1915,PROFESSOR RUY PAULETTI
1916,PROFESSOR SETIMO
2488,PROFESSOR SÉRGIO DE OLIVEIRA
1983,PROFESSOR VICTÓRIO GALLI
2300,PROFESSORA DORINHA SEABRA REZENDE
2339,PROFESSORA MARCIVANIA
1648,PROFESSORA RAQUEL TEIXEIRA
2865,PROS
3150,PSOL
3140,PTN
2020,R. SÁ FILHO
1360,RAFAEL GUERRA
3083,RAFAEL MOTTA
1244,RAIMUNDO GOMES DE MATOS
2293,RAIMUNDÃO
2927,RAQUEL MUNIZ
1917,RATINHO JUNIOR
1918,RAUL HENRY
1676,RAUL JUNGMANN
2400,RAUL LIMA
1919,REBECCA GARCIA
1677,REGINALDO LOPES
2290,REINALDO AZAMBUJA
830,REINHOLD STEPHANES
2962,REJANE DIAS
2913,REMÍDIO MONAI
2401,RENAN FILHO
3081,RENATA ABREU
1921,RENATO AMARY
2817,RENATO ANDRADE
1680,RENATO COZZOLINO
1922,RENATO MOLLING
2863,RENATO SIMÕES
2230,RENZO BRAZ
1597,RIBAMAR ALVES
2481,RICARDO ARCHER
2846,RICARDO ARRUDA
1155,RICARDO BARROS
3158,RICARDO BENTINHO
1411,RICARDO BERZOINI
2253,RICARDO IZAR
1988,RICARDO QUIRINO
3012,RICARDO TEOBALDO 
1923,RICARDO TRIPOLI
1463,RICARTE DE FREITAS
175,RITA CAMATA
2000,ROBERTO ALVES
356,ROBERTO BALESTRA
1924,ROBERTO BRITTO
2282,ROBERTO DE LUCENA
2416,ROBERTO DORNER
116,ROBERTO FREIRE
2914,ROBERTO GÓES
654,ROBERTO MAGALHÃES
1157,ROBERTO ROCHA
2988,ROBERTO SALES
1925,ROBERTO SANTIAGO
2298,ROBERTO TEIXEIRA
777,ROBSON TUMA
3048,ROCHA
1927,RODOVALHO
2002,RODRIGO BETHLEM
1928,RODRIGO DE CASTRO
2249,RODRIGO GARCIA
1388,RODRIGO MAIA
3028,RODRIGO MARTINS
3007,RODRIGO PACHECO
1926,RODRIGO ROCHA LOURES
1929,RODRIGO ROLLEMBERG
1930,ROGERIO LISBOA
2291,ROGÉRIO CARVALHO
1931,ROGÉRIO MARINHO
2244,ROGÉRIO PENINHA MENDONÇA
2031,ROGÉRIO ROSSO
2472,ROMANNA REMOR
2335,ROMERO RODRIGUES
2287,ROMÁRIO
2354,RONALDO BENEDET
802,RONALDO CAIADO
3000,RONALDO CARLETTO
2365,RONALDO FONSECA
3003,RONALDO LESSA
2953,RONALDO MARTINS
2428,RONALDO NOGUEIRA
2303,RONALDO ZULKE
2393,ROSANE FERREIRA
3038,ROSANGELA GOMES
177,ROSE DE FREITAS
2224,ROSINHA DA ADEFAL
2992,ROSSONI
2876,ROSY DE SOUSA
3125,ROSÂNGELA CURADO
831,RUBENS BUENO
1686,RUBENS OTONI
2902,RUBENS PEREIRA JÚNIOR
2343,RUI COSTA
2294,RUI PALMEIRA
2276,RUY CARNEIRO
1152,RÉGIS DE OLIVEIRA
1932,RÔMULO GOUVEIA
2904,RÔNEY NEMER
1933,SABINO CASTELO BRANCO
2033,SALLES
1167,SALVADOR ZIMBALDI
2965,SAMUEL MOREIRA
1688,SANDES JÚNIOR
1689,SANDRA ROSADO
2277,SANDRO ALEX
1168,SANDRO MABEL
1090,SARAIVA FELIPE
98,SARNEY FILHO
2864,SDD
1934,SEBASTIÃO BALA ROCHA
655,SERGIO GUERRA
3062,SERGIO SOUZA 
3046,SERGIO VIDIGAL
2349,SERGIO ZVEITER
1171,SEVERIANO ALVES
2468,SEVERINO NINHO
2969,SHÉRIDAN
2398,SIBÁ MACHADO
1173,SILAS BRASILEIRO
1286,SILAS CÂMARA
3119,SILAS FREIRE
1973,SILVIO COSTA
1206,SILVIO LOPES
1175,SILVIO TORRES
2931,SIMONE MORGADO
2475,SIMPLÍCIO ARAÚJO
184,SIMÃO SESSIM
1938,SOLANGE ALMEIDA
1939,SOLANGE AMARAL
2922,SORAYA SANTOS
2430,STEFANO AGUIAR
2324,STEPAN NERCESSIAN
2871,SUBTENENTE GONZAGA
1940,SUELI VIDIGAL
1941,SUELY
1272,SÁ
2347,SÁGUAS MORAES
972,SÉRGIO BARRADAS CARNEIRO
169,SÉRGIO BRITO
1935,SÉRGIO MORAES
1936,SÉRGIO PETECÃO
3017,SÉRGIO REIS
2998,SÓSTENES CAVALCANTE
2945,TADEU ALENCAR
1422,TADEU FILIPPELLI
1693,TAKAYAMA
784,TAMPINHA
1694,TATICO
2344,TAUMATURGO LIMA
1178,TELMA DE SOUZA
2484,TELMA PINHEIRO
3077,TENENTE LÚCIO
562,TERESA SURITA
3066,TEREZA CRISTINA
1696,THELMA DE OLIVEIRA
1312,THEMISTOCLES SAMPAIO
2296,THIAGO PEIXOTO
3078,TIA ERON
2395,TIRIRICA
1942,TONHA MAGALHÃES
2285,TONINHO PINHEIRO
2940,TONINHO WANDSCHEER
2958,ULDURICO JUNIOR
170,ULDURICO PINTO
1943,URZENI ROCHA
756,VADÃO GOMES
3151,VAL AMÉLIO
1945,VALADARES FILHO
779,VALDEMAR COSTA NETO
527,VALDIR COLATTO
2426,VALDIVINO DE OLIVEIRA
2265,VALMIR ASSUNÇÃO
2895,VALMIR PRASCIDELLI
2486,VALRY MORAIS
1946,VALTENIR PEREIRA
1697,VANDER LOUBET
1947,VANDERLEI MACRIS
2469,VANDERLEI SIRAQUE
1287,VANESSA GRAZZIOTIN
2404,VAZ DE LIMA
1948,VELOSO
3060,VENEZIANO VITAL DO RÊGO
1190,VIC PIRES FRANCO
1188,VICENTE ARRUDA
2246,VICENTE CANDIDO
2018,VICENTE SELISTRE
1699,VICENTINHO
1949,VICENTINHO ALVES
3059,VICENTINHO JÚNIOR
2975,VICTOR MENDES
2016,VIEGAS
1950,VIEIRA DA CUNHA
1701,VIGNATTI
2427,VILALBA
895,VILMAR ROCHA
1966,VILSON COVATTI
1951,VINICIUS CARVALHO
2280,VINICIUS GURGEL
284,VIRGILIO GUIMARAES
1952,VITAL DO REGO FILHO
2954,VITOR LIPPI
2353,VITOR PAULO
1953,VITOR PENIDO
3030,VITOR VALIM
3123,WADIH DAMOUS
2884,WADSON RIBEIRO
1433,WALDEMIR MOKA
2288,WALDENOR PEREIRA
1954,WALDIR MARANHÃO
1955,WALDIR NEVES
2369,WALNEY ROCHA
2941,WALTER ALVES
1702,WALTER FELDMAN
1956,WALTER IHOSHI
1243,WALTER PINHEIRO
2275,WALTER TOSTA
1957,WANDENKOLK GONÇALVES
1728,WASHINGTON LUIZ
2331,WASHINGTON REIS
2233,WELITON PRADO
786,WELLINGTON FAGUNDES
1703,WELLINGTON ROBERTO
2889,WELLINGTON SALGADO
2467,WEVERTON ROCHA
2254,WILLIAM DIB
1958,WILLIAM WOO
3137,WILSON BESERRA
1197,WILSON BRAGA
2366,WILSON FILHO
2010,WILSON PICLER
1704,WILSON SANTIAGO
1705,WLADIMIR COSTA
1198,WOLNEY QUEIROZ
2477,ZE CARLOS DA PESCA
3025,ZECA CAVALCANTI
2238,ZECA DIRCEU
2944,ZECA DO PT
2930,ZENAIDE MAIA
1284,ZENALDO COUTINHO
1709,ZEQUINHA MARINHO
1710,ZEZÉU RIBEIRO
2361,ZOINHO
1712,ZONTA
3135,ZÉ AUGUSTO NALIN
3031,ZÉ CARLOS
1706,ZÉ GERALDO
1082,ZÉ GERARDO
2231,ZÉ SILVA
1999,ZÉ VIEIRA
3139,ÁTILA A. NUNES
583,ÁTILA LINS
74,ÁTILA LIRA
2383,ÂNGELO AGNOLIN
1851,ÍRIS DE ARAÚJO
